feature,importance
ultimoPDTAcquistato_altro,0.5633671731342855
PDTCategTotalSpending_Digitale,0.24299636525631807
Professione_Pensionato,0.15181811109812626
GrandCentr,0.02572917717405933
Eta,0.010527669048276926
Tenure,0.005561504288933977
