Profile_ID,Capacita_d_ spsa,LTV,RFM_Score,Numero di Prodtti Aquistati negli ultimi 12 mesi,Eta,Tenure,LivelloDigitalizzazione,GrandCentr,Engagement,margins12months,GreenSurveyScore,score,HP,LP,TRICT,cluster_propensity,leaf_propensity,profile_volume,profile_pct,Professione,LifeCycle,ultimoPDTAcquistato,PDTCategTotalSpending
10,2.44,2.16,5.76,1.76,37.16,7.96,2.92,0.0,0.65933529216,363.3550836192,8.27682211004,0.6567462724800001,0.28,0.0,1.28,0.16461788617886178,0.28,50.0,0.06265664160401002,Impiegato,ALTRO,Caschetto,Protezione
11,2.391304347826087,2.4347826086956523,5.6521739130434785,2.217391304347826,37.26086956521739,6.565217391304348,3.3043478260869565,1.0,0.7686219660869564,472.4790093726087,8.241338509,0.631600351,0.2608695652173913,0.0,1.2608695652173914,0.2866383881230117,0.2608695652173913,46.0,0.05764411027568922,Impiegato,Lavoratore,guantini ,Protezione
15,2.84375,2.6875,6.9375,2.46875,40.25,9.96875,3.53125,0.34375,0.74917857365625,466.800338975,7.85710702109375,0.6763001760625,0.3125,0.0,1.3125,0.32748983739837395,0.3125,64.0,0.08020050125313283,Impiegato,NeoLavoratore,DisposotivoMonitoraggio,Digitale
7,2.9047619047619047,3.380952380952381,6.9523809523809526,2.857142857142857,37.42857142857143,8.619047619047619,3.5238095238095237,0.42857142857142855,0.7442549465714285,686.1119657761905,8.240409536857143,0.7020562658571429,0.3333333333333333,0.0,1.3333333333333333,0.17146728610143244,0.3333333333333333,42.0,0.05263157894736842,Professionista,Lavoratore,Bici Elettrica,Mobility
Generic,1.7651006711409396,1.5402684563758389,3.442953020134228,1.2818791946308725,54.781879194630875,5.016778523489933,2.2751677852348995,0.2483221476510067,0.5645989335100671,269.1768381448993,7.067868319748322,0.4158229906744967,0.03355704697986577,0.1342281879194631,0.8993288590604027,0.05104490642221858,0.03355704697986577,596.0,0.7468671679197995,Tassista,ALTRO,altro,altro
