feature,importance
ultimoPDTAcquistato_altro,0.41430004248538277
PDTCategTotalSpending_Protezione,0.20186357305184663
PDTCategTotalSpending_Digitale,0.1882858206124017
Eta,0.1421158183536701
GrandCentr,0.047981110988724256
Engagement,0.0033425395937809756
LTV,0.002111094914193552
