Profile_ID,Capacita_d_ spsa,LTV,RFM_Score,Numero di Prodtti Aquistati negli ultimi 12 mesi,Eta,Tenure,LivelloDigitalizzazione,GrandCentr,Engagement,margins12months,GreenSurveyScore,profile_pct,Professione_Impiegato,Professione_Imprenditore,Professione_Operaio,Professione_Pensionato,Professione_Professionista,Professione_Tassista,LifeCycle_Genitore,LifeCycle_Lavoratore,LifeCycle_Lavoratore SINK,LifeCycle_NeoGenitore,LifeCycle_NeoLavoratore,LifeCycle_Pensionato,LifeCycle_Prossimo alla Pensione,ultimoPDTAcquistato_Bici Elettrica,ultimoPDTAcquistato_Caschetto,ultimoPDTAcquistato_DisposotivoMonitoraggio,ultimoPDTAcquistato_altro,ultimoPDTAcquistato_guantini ,ultimoPDTAcquistato_missing,PDTCategTotalSpending_Digitale,PDTCategTotalSpending_Mobility,PDTCategTotalSpending_Protezione,PDTCategTotalSpending_altro,PDTCategTotalSpending_missing
4,1.0,1.0,1.0364890839273548,1.0,0.5847308696263878,1.0,1.0,1.0,1.0,1.0,1.0525706695470076,0.25803325928356813,1.0493721918145267,1.0,1.0,0.824264093685261,1.0553795281854508,0.9589301980336045,1.0,1.0,1.0,1.0,1.0,1.0,1.0,1.0363541153992382,1.005446543112423,0.5806949881284241,0.8177658576269823,1.0517610200609553,1.0,0.5806949881284241,1.0363541153992382,1.2615841977765827,0.8177658576269823,1.0
7,1.0945624807187004,1.0311181984444222,1.0766862994685926,1.036518822197096,1.0,1.0609952949181864,1.0277070953394256,1.0,1.0,1.0,1.0,0.577023862278679,1.0,1.0,1.0,1.0,1.0,1.0,1.0,1.0,1.0,1.0,1.0150641538610106,1.0,1.0,0.8860474091378665,0.9545445545866695,3.19690597524884,0.9007815550322648,0.9004031469310051,1.0,3.19690597524884,0.8860474091378665,0.7204320428865388,0.9007815550322648,1.0
Generic,1.0,0.9207295556234801,0.7511141071441336,1.0,1.6741154901346145,0.990143473952828,0.9128077862544731,1.0,0.9485235188276578,1.0,0.957215322657101,8.01254951615116,0.8937252305842314,1.0,1.0,1.052639683476459,0.9097973727606523,1.1748849947861681,1.0,1.0,1.0,1.0,0.9247447080967498,1.0,1.0669655711366481,1.0,1.0,0.6426318501417847,1.6195401857955125,1.0,1.0,0.6426318501417847,1.0,1.0,1.6195401857955125,1.0
