feature,importance
ultimoPDTAcquistato_altro,0.6304257400426442
PDTCategTotalSpending_Digitale,0.22646809181575073
Professione_Pensionato,0.13378136724927203
GrandCentr,0.0048537961151861
Tenure,0.0031664897783718594
Eta,0.0013045149987751152
