Profile_ID,Capacita_d_ spsa,LTV,RFM_Score,Numero di Prodtti Aquistati negli ultimi 12 mesi,Eta,Tenure,LivelloDigitalizzazione,GrandCentr,Engagement,margins12months,GreenSurveyScore,score,HP,LP,profile_pct,Professione,LifeCycle,ultimoPDTAcquistato,PDTCategTotalSpending
4,2.230769230769231,2.3461538461538463,6.230769230769231,1.8076923076923077,26.423076923076923,7.1923076923076925,3.1153846153846154,0.4230769230769231,0.7180173147692308,440.06384152076924,8.327705800115384,0.6890559471538461,0.34615384615384615,0.0,0.06516290726817042,Impiegato,ALTRO,guantini ,Protezione
7,2.84375,2.6875,6.9375,2.46875,40.25,9.96875,3.53125,0.34375,0.74917857365625,466.800338975,7.85710702109375,0.6763001760625,0.3125,0.0,0.08020050125313283,Impiegato,NeoLavoratore,DisposotivoMonitoraggio,Digitale
Generic,1.8914956011730206,1.6979472140762464,3.7653958944281527,1.436950146627566,53.401759530791786,5.392961876832844,2.404692082111437,0.2785923753665689,0.5846717695131964,302.44071400290323,7.211801604733138,0.4448341438797654,0.06158357771260997,0.11730205278592376,0.8546365914786966,Pensionato,ALTRO,altro,altro
