Profile_ID,Capacita_d_ spsa,LTV,RFM_Score,Numero di Prodtti Aquistati negli ultimi 12 mesi,Eta,Tenure,LivelloDigitalizzazione,GrandCentr,Engagement,margins12months,GreenSurveyScore,HP,profile_propensity,Profile_Volume,Profile_Volume_pct,Professione,LifeCycle,ultimoPDTAcquistato,PDTCategTotalSpending
12,2.4,2.65,7.05,2.35,39.75,7.7,3.15,0.4,0.7261986216499999,562.9836536700001,8.287642466849999,0.15,1.49625,20.0,0.05012531328320802,Professionista,Lavoratore,Bici Elettrica,Mobility
14,2.84375,2.6875,6.9375,2.46875,40.25,9.96875,3.53125,0.34375,0.74917857365625,466.800338975,7.85710702109375,0.3125,3.1171875,32.0,0.08020050125313283,Impiegato,NeoLavoratore,DisposotivoMonitoraggio,Digitale
7,2.6842105263157894,2.473684210526316,6.7894736842105265,2.526315789473684,39.578947368421055,9.210526315789474,3.210526315789474,0.0,0.6962531152105264,430.65311080894736,7.98169594331579,0.3157894736842105,3.15,19.0,0.047619047619047616,Operaio,Lavoratore,guantini ,Protezione
8,2.380952380952381,2.380952380952381,5.238095238095238,2.0,44.333333333333336,6.619047619047619,3.0476190476190474,1.0,0.7617215808571428,402.6044484557143,7.701280092666666,0.2857142857142857,2.85,21.0,0.05263157894736842,Altro,Lavoratore,guantini ,Protezione
9,2.4444444444444446,2.5555555555555554,6.148148148148148,1.9259259259259258,36.629629629629626,7.074074074074074,3.1481481481481484,0.4444444444444444,0.673387971074074,495.50311738518513,8.521456038703704,0.25925925925925924,2.5861111111111112,27.0,0.06766917293233082,Impiegato,Lavoratore SINK,guantini ,Protezione
NotHP,1.7428571428571429,1.5035714285714286,3.2142857142857144,1.2428571428571429,55.107142857142854,4.882142857142857,2.242857142857143,0.23214285714285715,0.5575396912464287,261.78065567425,7.023333681307143,0.02857142857142857,0.28500000000000003,280.0,0.7017543859649122,Tassista,ALTRO,altro,altro
